﻿Designator,Quantity,Value,Footprint,Package,MPN,DNP,Mount_Type,Description,Sim.Device,Sim.Pins
C1,1,4.7uF,C_0805_2012Metric_Pad1.18x1.45mm_HandSolder,,,,smt,,,
"C10, C11, C12, C13, C2, C3, C4, C5, C6",9,100nF,C_0805_2012Metric_Pad1.18x1.45mm_HandSolder,,,,smt,Unpolarized capacitor,,
C14,1,1uF,C_0805_2012Metric_Pad1.18x1.45mm_HandSolder,,,,smt,Unpolarized capacitor,,
"C7, C8",2,22pF,C_0805_2012Metric_Pad1.18x1.45mm_HandSolder,,,,smt,,,
C9,1,120nF,C_0805_2012Metric_Pad1.18x1.45mm_HandSolder,,,,smt,Unpolarized capacitor,,
"D1, D2",2,D,D_0805_2012Metric_Pad1.15x1.40mm_HandSolder,,,,smt,Diode,D,1=K 2=A
J1,1,USB_C_Receptacle_USB2.0_16P,USB_C_Receptacle_GCT_USB4085,,,,tht,USB 2.0-only 16P Type-C Receptacle connector,,
J2,1,Conn_ARM_JTAG_SWD_10,PinHeader_2x05_P2.54mm_Vertical,,,,tht,"Cortex Debug Connector, standard ARM Cortex-M SWD and JTAG interface",,
J3,1,Conn_01x03_Socket,PinSocket_1x03_P2.54mm_Vertical,,,,tht,"Generic connector, single row, 01x03, script generated",,
J4,1,Conn_01x04_Socket,PinSocket_1x04_P2.54mm_Vertical,,,,tht,"Generic connector, single row, 01x04, script generated",,
J5,1,Conn_02x04_Odd_Even,PinSocket_2x04_P2.54mm_Vertical,,,,tht,"Generic connector, double row, 02x04, odd/even pin numbering scheme (row 1 odd numbers, row 2 even numbers), script generated (kicad-library-utils/schlib/autogen/connector/)",,
"M1, M2, M3, M4, M5, M6",6,Motor_Servo,PinHeader_1x03_P2.54mm_Vertical,,,,tht,"Servo Motor (Futaba, HiTec, JR connector)",,
"R1, R2",2,5.1k,R_0805_2012Metric_Pad1.20x1.40mm_HandSolder,,,,smt,Resistor,,
"R3, R4, R5, R6",4,10k,R_0805_2012Metric_Pad1.20x1.40mm_HandSolder,,,,smt,Resistor,,
"TP1, TP2, TP3",3,TestPoint_Probe,TestPoint_THTPad_1.0x1.0mm_Drill0.5mm,,,,tht,test point (alternative probe-style design),,
U1,1,STM32F205RBTx,LQFP-64_10x10mm_P0.5mm,,,,smt,"STMicroelectronics Arm Cortex-M3 MCU, 128KB flash, 64KB RAM, 120 MHz, 1.8-3.6V, 51 GPIO, LQFP64",,
U2,1,NCP1117-3.3_SOT223,SOT-223-3_TabPin2,,,,smt,"1A Low drop-out regulator, Fixed Output 3.3V, SOT-223",,
U3,1,BNO055,LGA-28_5.2x3.8mm_P0.5mm,,,,smt,"Intelligent 9-axis absolute orientation sensor, LGA-28",,
Y1,1,25MHz,Crystal_SMD_3225-4Pin_3.2x2.5mm_HandSoldering,,,,smt,,,
