﻿pos_x,pos_y,rotation,side,designator,mpn,pack,footprint,value,mount_type
102.5,-87.5,0.0,top,C1,,,C_0805_2012Metric_Pad1.18x1.45mm_HandSolder,4.7uF,smt
105.5,-50.275,-90.0,top,C10,,,C_0805_2012Metric_Pad1.18x1.45mm_HandSolder,100nF,smt
99.5,-98.5,90.0,top,C11,,,C_0805_2012Metric_Pad1.18x1.45mm_HandSolder,100nF,smt
107.5,-86.0,0.0,top,C12,,,C_0805_2012Metric_Pad1.18x1.45mm_HandSolder,100nF,smt
93.0,-99.5,-90.0,top,C13,,,C_0805_2012Metric_Pad1.18x1.45mm_HandSolder,100nF,smt
110.5,-55.5,-90.0,top,C14,,,C_0805_2012Metric_Pad1.18x1.45mm_HandSolder,1uF,smt
115.4625,-104.0,0.0,top,C2,,,C_0805_2012Metric_Pad1.18x1.45mm_HandSolder,100nF,smt
106.5,-104.5,180.0,top,C3,,,C_0805_2012Metric_Pad1.18x1.45mm_HandSolder,100nF,smt
119.0,-92.5,-90.0,top,C4,,,C_0805_2012Metric_Pad1.18x1.45mm_HandSolder,100nF,smt
128.1375,-62.5,0.0,top,C5,,,C_0805_2012Metric_Pad1.18x1.45mm_HandSolder,100nF,smt
130.0,-79.6375,0.0,top,C6,,,C_0805_2012Metric_Pad1.18x1.45mm_HandSolder,100nF,smt
89.1375,-93.5,-90.0,top,C7,,,C_0805_2012Metric_Pad1.18x1.45mm_HandSolder,22pF,smt
100.1375,-93.5,90.0,top,C8,,,C_0805_2012Metric_Pad1.18x1.45mm_HandSolder,22pF,smt
110.5,-43.6375,180.0,top,C9,,,C_0805_2012Metric_Pad1.18x1.45mm_HandSolder,120nF,smt
121.5,-74.73,180.0,top,D1,,,D_0805_2012Metric_Pad1.15x1.40mm_HandSolder,D,smt
119.6375,-129.5,-90.0,top,D2,,,D_0805_2012Metric_Pad1.15x1.40mm_HandSolder,D,smt
107.5375,-134.0,0.0,top,J1,,,USB_C_Receptacle_GCT_USB4085,USB_C_Receptacle_USB2.0_16P,tht
101.075,-80.225,-90.0,top,J2,,,PinHeader_2x05_P2.54mm_Vertical,Conn_ARM_JTAG_SWD_10,tht
130.6625,-56.025,-90.0,top,J3,,,PinSocket_1x03_P2.54mm_Vertical,Conn_01x03_Socket,tht
124.4375,-43.025,-90.0,top,J4,,,PinSocket_1x04_P2.54mm_Vertical,Conn_01x04_Socket,tht
92.7,-67.04,-90.0,bottom,J5,,,PinSocket_2x04_P2.54mm_Vertical,Conn_02x04_Odd_Even,tht
125.42,-109.2375,90.0,top,M1,,,PinHeader_1x03_P2.54mm_Vertical,Motor_Servo,tht
125.42,-104.5875,90.0,top,M2,,,PinHeader_1x03_P2.54mm_Vertical,Motor_Servo,tht
125.42,-99.9375,90.0,top,M3,,,PinHeader_1x03_P2.54mm_Vertical,Motor_Servo,tht
125.42,-95.2875,90.0,top,M4,,,PinHeader_1x03_P2.54mm_Vertical,Motor_Servo,tht
125.42,-90.6375,90.0,top,M5,,,PinHeader_1x03_P2.54mm_Vertical,Motor_Servo,tht
125.42,-85.9875,90.0,top,M6,,,PinHeader_1x03_P2.54mm_Vertical,Motor_Servo,tht
101.6375,-132.0,0.0,top,R1,,,R_0805_2012Metric_Pad1.20x1.40mm_HandSolder,5.1k,smt
118.6375,-136.0,180.0,top,R2,,,R_0805_2012Metric_Pad1.20x1.40mm_HandSolder,5.1k,smt
112.1375,-109.0,90.0,top,R3,,,R_0805_2012Metric_Pad1.20x1.40mm_HandSolder,10k,smt
116.6375,-109.0,90.0,top,R4,,,R_0805_2012Metric_Pad1.20x1.40mm_HandSolder,10k,smt
116.5,-55.5,90.0,top,R5,,,R_0805_2012Metric_Pad1.20x1.40mm_HandSolder,10k,smt
106.5,-55.5,90.0,top,R6,,,R_0805_2012Metric_Pad1.20x1.40mm_HandSolder,10k,smt
110.1875,-95.11,0.0,top,U1,,,LQFP-64_10x10mm_P0.5mm,STM32F205RBTx,smt
128.0,-71.6375,-90.0,top,U2,,,SOT-223-3_TabPin2,NCP1117-3.3_SOT223,smt
111.25,-50.3,0.0,top,U3,,,LGA-28_5.2x3.8mm_P0.5mm,BNO055,smt
94.4875,-93.5,-90.0,top,Y1,,,Crystal_SMD_3225-4Pin_3.2x2.5mm_HandSoldering,25MHz,smt
